codigo,etapa,ano_ou_faixa,componente,eixo,habilidade,objeto_conhecimento,em_foco,mf_classificacao,mf_conhecimento_previo,mf_objetivos,mf_competencias,mf_habilidades_relacionadas,mf_comentarios
EI03CO01,Educação Infantil,Crianças pequenas (4a a 5a11m),Computação,Pensamento Computacional,"Reconhecer padrão de repetição em sequência de sons, movimentos, desenhos.",Reconhecimento de Padrões,,,,,,,
EI03CO02,Educação Infantil,Crianças pequenas (4a a 5a11m),Computação,Pensamento Computacional,Expressar as etapas para a realização de uma tarefa de forma clara e ordenada.,Algoritmos,,,,,,,
EI03CO03,Educação Infantil,Crianças pequenas (4a a 5a11m),Computação,Pensamento Computacional,Experienciar a execução de algoritmos brincando com objetos (des)plugados.,Algoritmos,,,,,,,
EI03CO04,Educação Infantil,Crianças pequenas (4a a 5a11m),Computação,Pensamento Computacional,Criar e representar algoritmos para resolver problemas.,Algoritmos,,,,,,,
EI03CO05,Educação Infantil,Crianças pequenas (4a a 5a11m),Computação,Pensamento Computacional,Comparar soluções algorítmicas para resolver um mesmo problema.,Algoritmos,,,,,,,
EI03CO06,Educação Infantil,Crianças pequenas (4a a 5a11m),Computação,Pensamento Computacional,Compreender decisões em dois estados (verdadeiro ou falso).,Lógica,,,,,,,
EI03CO07,Educação Infantil,Crianças pequenas (4a a 5a11m),Computação,Mundo Digital,"Reconhecer dispositivos eletrônicos (e não-eletrônicos), identificando quando estão ligados ou desligados (abertos ou fechados).",Hardware e Dispositivos,,,,,,,
EI03CO08,Educação Infantil,Crianças pequenas (4a a 5a11m),Computação,Mundo Digital,Compreender o conceito de interfaces para comunicação com objetos (des)plugados.,Hardware e Dispositivos,,,,,,,
EI03CO09,Educação Infantil,Crianças pequenas (4a a 5a11m),Computação,Mundo Digital,Identificar dispositivos computacionais e as diferentes formas de interação.,Hardware e Dispositivos,,,,,,,
EI03CO10,Educação Infantil,Crianças pequenas (4a a 5a11m),Computação,Cultura Digital,"Utilizar tecnologia digital de maneira segura, consciente e respeitosa.",Cidadania e Ética Digital,,,,,,,
EI03CO11,Educação Infantil,Crianças pequenas (4a a 5a11m),Computação,Cultura Digital,"Adotar hábitos saudáveis de uso de artefatos computacionais, seguindo recomendações de órgãos de saúde competentes.",Cidadania e Ética Digital,,,,,,,
EF01CO01,Ensino Fundamental,01,Computação,Pensamento Computacional,"Organizar objetos físicos ou digitais considerando diferentes características para esta organização, explicitando semelhanças (padrões) e diferenças.",Reconhecimento de Padrões,,,,,,,
EF01CO02,Ensino Fundamental,01,Computação,Pensamento Computacional,Identificar e seguir sequências de passos aplicados no dia a dia para resolver problemas.,Algoritmos,,,,,,,
EF01CO03,Ensino Fundamental,01,Computação,Pensamento Computacional,"Reorganizar e criar sequências de passos em meios físicos ou digitais, relacionando essas sequências à palavra ""Algoritmos"".",Algoritmos,,,,,,,
EF01CO04,Ensino Fundamental,01,Computação,Mundo Digital,"Reconhecer o que é a informação, que ela pode ser armazenada, transmitida como mensagem por diversos meios e descrita em várias linguagens.",Dados e Representação,,,,,,,
EF01CO05,Ensino Fundamental,01,Computação,Mundo Digital,Representar informação usando diferentes codificações.,Dados e Representação,,,,,,,
EF01CO06,Ensino Fundamental,01,Computação,Cultura Digital,Reconhecer e explorar artefatos computacionais voltados a atender necessidades pessoais ou coletivas.,Criação Digital,,,,,,,
EF01CO07,Ensino Fundamental,01,Computação,Cultura Digital,Conhecer as possibilidades de uso seguro das tecnologias computacionais para proteção dos dados pessoais e para garantir a própria segurança.,Segurança e Privacidade Pessoal,,,,,,,
EF02CO01,Ensino Fundamental,02,Computação,Pensamento Computacional,"Criar e comparar modelos (representações) de objetos, identificando padrões e atributos essenciais.",Reconhecimento de Padrões,,,,,,,
EF02CO02,Ensino Fundamental,02,Computação,Pensamento Computacional,"Criar e simular algoritmos representados em linguagem oral, escrita ou pictográfica, construídos como sequências com repetições simples (iterações definidas) com base em instruções preestabelecidas ou criadas, analisando como a precisão da instrução impacta na execução do algoritmo.",Algoritmos,,,,,,,
EF02CO03,Ensino Fundamental,02,Computação,Mundo Digital,Identificar que máquinas diferentes executam conjuntos próprios de instruções e que podem ser usadas para definir algoritmos.,Hardware e Dispositivos,,,,,,,
EF02CO04,Ensino Fundamental,02,Computação,Mundo Digital,Diferenciar componentes físicos (hardware) e programas que fornecem as instruções (software) para o hardware.,Hardware e Dispositivos,,,,,,,
EF02CO05,Ensino Fundamental,02,Computação,Cultura Digital,Reconhecer as características e usos das tecnologias computacionais no cotidiano dentro e fora da escola.,Criação Digital,,,,,,,
EF02CO06,Ensino Fundamental,02,Computação,Cultura Digital,Reconhecer os cuidados com a segurança no uso de dispositivos computacionais.,Segurança e Privacidade Pessoal,,,,,,,
EF03CO01,Ensino Fundamental,03,Computação,Pensamento Computacional,"Associar os valores ""verdadeiro"" e ""falso"" a sentenças lógicas que dizem respeito a situações do dia a dia, fazendo uso de termos que indicam negação.",Lógica,,,,,,,
EF03CO02,Ensino Fundamental,03,Computação,Pensamento Computacional,"Criar e simular algoritmos representados em linguagem oral, escrita ou pictográfica, que incluam sequências e repetições simples com condição (iterações indefinidas), para resolver problemas de forma independente e em colaboração.",Algoritmos,,,,,,,
EF03CO03,Ensino Fundamental,03,Computação,Pensamento Computacional,"Aplicar a estratégia de decomposição para resolver problemas complexos, dividindo esse problema em partes menores, resolvendo-as e combinando suas soluções.",Decomposição e Abstração,,,,,,,
EF03CO04,Ensino Fundamental,03,Computação,Mundo Digital,Relacionar o conceito de informação com o de dado.,Dados e Representação,,,,,,,
EF03CO05,Ensino Fundamental,03,Computação,Mundo Digital,Compreender que dados são estruturados em formatos específicos dependendo da informação armazenada.,Dados e Representação,,,,,,,
EF03CO06,Ensino Fundamental,03,Computação,Mundo Digital,"Reconhecer que, para um computador realizar tarefas, ele se comunica com o mundo exterior com o uso de interfaces físicas (dispositivos de entrada e saída).",Hardware e Dispositivos,,,,,,,
EF03CO07,Ensino Fundamental,03,Computação,Cultura Digital,Utilizar diferentes navegadores e ferramentas de busca para pesquisar e acessar informações.,Criação Digital,,,,,,,
EF03CO08,Ensino Fundamental,03,Computação,Cultura Digital,Usar ferramentas computacionais em situações didáticas para se expressar em diferentes formatos digitais.,Criação Digital,,,,,,,
EF03CO09,Ensino Fundamental,03,Computação,Cultura Digital,Reconhecer o potencial impacto do compartilhamento de informações pessoais ou de seus pares em meio digital.,Segurança e Privacidade Pessoal,,,,,,,
EF04CO01,Ensino Fundamental,04,Computação,Pensamento Computacional,"Reconhecer objetos do mundo real ou digital que podem ser representados através de matrizes que estabelecem uma organização na qual cada componente está em uma posição definida por coordenadas, fazendo manipulações simples sobre estas representações.",Estruturas de Dados,,,,,,,
EF04CO02,Ensino Fundamental,04,Computação,Pensamento Computacional,"Reconhecer objetos do mundo real ou digital que podem ser representados através de registros que estabelecem uma organização na qual cada componente é identificado por um nome, fazendo manipulações sobre estas representações.",Estruturas de Dados,,,,,,,
EF04CO03,Ensino Fundamental,04,Computação,Pensamento Computacional,"Criar e simular algoritmos representados em linguagem oral, escrita ou pictográfica, que incluam sequências e repetições simples e aninhadas (iterações definidas e indefinidas), para resolver problemas de forma independente e em colaboração.",Algoritmos,,,,,,,
EF04CO04,Ensino Fundamental,04,Computação,Mundo Digital,"Entender que para guardar, manipular e transmitir dados deve-se codificá-los de alguma forma que seja compreendida pela máquina (formato digital).",Dados e Representação,,,,,,,
EF04CO05,Ensino Fundamental,04,Computação,Mundo Digital,"Codificar diferentes informações para representação em computador (binária, ASCII, atributos de pixel, como RGB etc.).",Dados e Representação,,,,,,,
EF04CO06,Ensino Fundamental,04,Computação,Cultura Digital,"Usar diferentes ferramentas computacionais para criação de conteúdo (textos, apresentações, vídeos etc.).",Criação Digital,,,,,,,
EF04CO07,Ensino Fundamental,04,Computação,Cultura Digital,"Demonstrar postura ética nas atividades de coleta, transferência, guarda e uso de dados.",Cidadania e Ética Digital,,,,,,,
EF04CO08,Ensino Fundamental,04,Computação,Cultura Digital,Reconhecer a importância de verificar a confiabilidade das fontes de informações obtidas na Internet.,Cidadania e Ética Digital,,,,,,,
EF05CO01,Ensino Fundamental,05,Computação,Pensamento Computacional,"Reconhecer objetos do mundo real e digital que podem ser representados através de listas que estabelecem uma organização na qual há um número variável de itens dispostos em sequência, fazendo manipulações simples sobre estas representações.",Estruturas de Dados,,,,,,,
EF05CO02,Ensino Fundamental,05,Computação,Pensamento Computacional,"Reconhecer objetos do mundo real e digital que podem ser representados através de grafos que estabelecem uma organização com uma quantidade variável de vértices conectados por arestas, fazendo manipulações simples sobre estas representações.",Estruturas de Dados,,,,,,,
EF05CO03,Ensino Fundamental,05,Computação,Pensamento Computacional,"Realizar operações de negação, conjunção e disjunção sobre sentenças lógicas e valores ""verdadeiro"" e ""falso"".",Lógica,,,,,,,
EF05CO04,Ensino Fundamental,05,Computação,Pensamento Computacional,"Criar e simular algoritmos representados em linguagem oral, escrita ou pictográfica, que incluam sequências, repetições e seleções condicionais para resolver problemas de forma independente e em colaboração.",Algoritmos,,,,,,,
EF05CO05,Ensino Fundamental,05,Computação,Mundo Digital,"Identificar os componentes principais de um computador (dispositivos de entrada/saída, processadores e armazenamento).",Hardware e Dispositivos,,,,,,,
EF05CO06,Ensino Fundamental,05,Computação,Mundo Digital,Reconhecer que os dados podem ser armazenados em um dispositivo local ou remoto.,Dados e Representação,,,,,,,
EF05CO07,Ensino Fundamental,05,Computação,Mundo Digital,Reconhecer a necessidade de um sistema operacional para a execução de programas e gerenciamento do hardware.,Software e Sistemas Operacionais,,,,,,,
EF05CO08,Ensino Fundamental,05,Computação,Cultura Digital,Acessar as informações na Internet de forma crítica para distinguir os conteúdos confiáveis de não confiáveis.,Cidadania e Ética Digital,,,,,,,
EF05CO09,Ensino Fundamental,05,Computação,Cultura Digital,Usar informações considerando aplicações e limites dos direitos autorais em diferentes mídias digitais.,Cidadania e Ética Digital,,,,,,,
EF05CO10,Ensino Fundamental,05,Computação,Cultura Digital,Expressar-se crítica e criativamente na compreensão das mudanças tecnológicas no mundo do trabalho e sobre a evolução da sociedade.,Impacto Social da Tecnologia,,,,,,,
EF05CO11,Ensino Fundamental,05,Computação,Cultura Digital,Identificar a adequação de diferentes tecnologias computacionais na resolução de problemas.,Criação Digital,,,,,,,
EF15CO01,Ensino Fundamental,1-5 (Anos Iniciais),Computação,Pensamento Computacional,"Identificar as principais formas de organizar e representar a informação de maneira estruturada (matrizes, registros, listas e grafos) ou não estruturada (números, palavras, valores verdade).",Estruturas de Dados,,,,,,,
EF15CO02,Ensino Fundamental,1-5 (Anos Iniciais),Computação,Pensamento Computacional,"Construir e simular algoritmos, de forma independente ou em colaboração, que resolvam problemas simples e do cotidiano com uso de sequências, seleções condicionais e repetições de instruções.",Algoritmos,,,,,,,
EF15CO03,Ensino Fundamental,1-5 (Anos Iniciais),Computação,Pensamento Computacional,"Realizar operações de negação, conjunção e disjunção sobre sentenças lógicas e valores ""verdadeiro"" e ""falso"".",Lógica,,,,,,,
EF15CO04,Ensino Fundamental,1-5 (Anos Iniciais),Computação,Pensamento Computacional,"Aplicar a estratégia de decomposição para resolver problemas complexos, dividindo esse problema em partes menores, resolvendo-as e combinando suas soluções.",Decomposição e Abstração,,,,,,,
EF15CO05,Ensino Fundamental,1-5 (Anos Iniciais),Computação,Mundo Digital,"Codificar a informação de diferentes formas, entendendo a importância desta codificação para o armazenamento, manipulação e transmissão em dispositivos computacionais.",Dados e Representação,,,,,,,
EF15CO06,Ensino Fundamental,1-5 (Anos Iniciais),Computação,Mundo Digital,"Conhecer os componentes básicos de dispositivos computacionais, entendendo os princípios de seu funcionamento.",Hardware e Dispositivos,,,,,,,
EF15CO07,Ensino Fundamental,1-5 (Anos Iniciais),Computação,Mundo Digital,Conhecer o conceito de Sistema Operacional e sua importância na integração entre software e hardware.,Software e Sistemas Operacionais,,,,,,,
EF15CO08,Ensino Fundamental,1-5 (Anos Iniciais),Computação,Cultura Digital,"Reconhecer e utilizar tecnologias computacionais para pesquisar e acessar informações, expressar-se crítica e criativamente e resolver problemas.",Criação Digital,,,,,,,
EF15CO09,Ensino Fundamental,1-5 (Anos Iniciais),Computação,Cultura Digital,"Entender que as tecnologias devem ser utilizadas de maneira segura, ética e responsável, respeitando direitos autorais, de imagem e as leis vigentes.",Cidadania e Ética Digital,,,,,,,
EF06CO01,Ensino Fundamental,06,Computação,Pensamento Computacional,"Classificar informações, agrupando-as em coleções (conjuntos) e associando cada coleção a um ""tipo de dados""",Estruturas de Dados,,,,,,,
EF06CO02,Ensino Fundamental,06,Computação,Pensamento Computacional,"Elaborar algoritmos que envolvam instruções sequenciais, de repetição e de seleção usando uma linguagem de programação.",Algoritmos e Programação,,,,,,,
EF06CO03,Ensino Fundamental,06,Computação,Pensamento Computacional,"Descrever com precisão a solução de um problema, construindo o programa que implementa a solução descrita.",Algoritmos e Programação,,,,,,,
EF06CO04,Ensino Fundamental,06,Computação,Pensamento Computacional,Construir soluções de problemas usando a técnica de decomposição e automatizar tais soluções usando uma linguagem de programação.,Decomposição e Abstração,,,,,,,
EF06CO05,Ensino Fundamental,06,Computação,Pensamento Computacional,"Identificar os recursos ou insumos necessários (entradas) para a resolução de problemas, bem como os resultados esperados (saídas), determinando os respectivos tipos de dados, e estabelecendo a definição de problema como uma relação entre entrada e saída.",Algoritmos e Programação,,,,,,,
EF06CO06,Ensino Fundamental,06,Computação,Pensamento Computacional,"Comparar diferentes casos particulares (instâncias) de um mesmo problema, identificando as semelhanças e diferenças entre eles, e criar um algoritmo para resolver todos, fazendo uso de variáveis (parâmetros) para permitir o tratamento de todos os casos de forma genérica.",Algoritmos e Programação,,,,,,,
EF06CO07,Ensino Fundamental,06,Computação,Mundo Digital,"Entender o processo de transmissão de dados, como a informação é quebrada em pedaços, transmitida em pacotes através de múltiplos equipamentos, e reconstruída no destino.",Redes e Internet,,,,,,,
EF06CO08,Ensino Fundamental,06,Computação,Mundo Digital,"Compreender e utilizar diferentes formas de armazenar, manipular, compactar e recuperar arquivos, documentos e metadados.",Dados e Representação,,,,,,,
EF06CO09,Ensino Fundamental,06,Computação,Cultura Digital,"Apresentar conduta e linguagem apropriadas ao se comunicar em ambiente digital, considerando a ética e o respeito.",Cidadania e Ética Digital,,,,,,,
EF06CO10,Ensino Fundamental,06,Computação,Cultura Digital,"Analisar o consumo de tecnologia na sociedade, compreendendo criticamente o caminho da produção dos recursos bem como aspectos ligados à obsolescência e a sustentabilidade.",Impacto Social da Tecnologia,,,,,,,
EF07CO01,Ensino Fundamental,07,Computação,Pensamento Computacional,Criar soluções de problemas para os quais seja adequado o uso de registros e matrizes unidimensionais para descrever suas informações e automatizá-las usando uma linguagem de programação.,Estruturas de Dados,,,,,,,
EF07CO02,Ensino Fundamental,07,Computação,Pensamento Computacional,"Analisar programas para detectar e remover erros, ampliando a confiança na sua correção.",Algoritmos e Programação,,,,,,,
EF07CO03,Ensino Fundamental,07,Computação,Pensamento Computacional,"Construir soluções computacionais de problemas de diferentes áreas do conhecimento, de forma individual e colaborativa, selecionando as estruturas de dados e técnicas adequadas, aperfeiçoando e articulando saberes escolares.",Algoritmos e Programação,,,,,,,
EF07CO04,Ensino Fundamental,07,Computação,Pensamento Computacional,Explorar propriedades básicas de grafos.,Estruturas de Dados,,,,,,,
EF07CO05,Ensino Fundamental,07,Computação,Pensamento Computacional,Criar algoritmos fazendo uso da decomposição e do reúso no processo de solução de forma colaborativa e cooperativa e automatizá-los usando uma linguagem de programação.,Decomposição e Abstração,,,,,,,
EF07CO06,Ensino Fundamental,07,Computação,Mundo Digital,Compreender o papel de protocolos para a transmissão de dados.,Redes e Internet,,,,,,,
EF07CO07,Ensino Fundamental,07,Computação,Mundo Digital,Identificar problemas de segurança cibernética e experimentar formas de proteção.,Segurança Digital,,,,,,,
EF07CO08,Ensino Fundamental,07,Computação,Cultura Digital,Demonstrar empatia sobre opiniões divergentes na web.,Cidadania e Ética Digital,,,,,,,
EF07CO09,Ensino Fundamental,07,Computação,Cultura Digital,Reconhecer e debater sobre cyberbullying.,Cidadania e Ética Digital,,,,,,,
EF07CO10,Ensino Fundamental,07,Computação,Cultura Digital,"Identificar os impactos ambientais do descarte de peças de computadores e eletrônicos, bem como sua relação com a sustentabilidade.",Impacto Social da Tecnologia,,,,,,,
EF07CO11,Ensino Fundamental,07,Computação,Cultura Digital,"Criar, documentar e publicar, de forma individual ou colaborativa, produtos (vídeos, podcasts, web sites) usando recursos de tecnologia.",Criação Digital,,,,,,,
EF08CO01,Ensino Fundamental,08,Computação,Pensamento Computacional,Construir soluções de problemas usando a técnica de recursão e automatizar tais soluções usando uma linguagem de programação.,Algoritmos e Programação,,,,,,,
EF08CO02,Ensino Fundamental,08,Computação,Pensamento Computacional,"Criar soluções de problemas para os quais seja adequado o uso de listas para descrever suas informações e automatizá-las usando uma linguagem de programação, empregando ou não a recursão como uma técnica de resolver o problema.",Estruturas de Dados,,,,,,,
EF08CO03,Ensino Fundamental,08,Computação,Pensamento Computacional,Utilizar algoritmos clássicos de manipulação sobre listas.,Algoritmos e Programação,,,,,,,
EF08CO04,Ensino Fundamental,08,Computação,Pensamento Computacional,"Construir soluções computacionais de problemas de diferentes áreas do conhecimento, de forma individual e colaborativa, selecionando as estruturas de dados e técnicas adequadas, aperfeiçoando e articulando saberes escolares.",Algoritmos e Programação,,,,,,,
EF08CO05,Ensino Fundamental,08,Computação,Mundo Digital,"Compreender os conceitos de paralelismo, concorrência e armazenamento/processamento distribuídos.",Redes e Internet,,,,,,,
EF08CO06,Ensino Fundamental,08,Computação,Mundo Digital,Entender como é a estrutura e funcionamento da internet.,Redes e Internet,,,,,,,
EF08CO07,Ensino Fundamental,08,Computação,Cultura Digital,"Compartilhar informações por meio de redes sociais, compreendendo a sua dinâmica de funcionamento, de forma responsável e avaliando sua confiabilidade, considerando o respeito e a ética.",Cidadania e Ética Digital,,,,,,,
EF08CO08,Ensino Fundamental,08,Computação,Cultura Digital,Distinguir os tipos de dados pessoais que são solicitados em espaços digitais e os riscos associados.,Segurança e Privacidade Pessoal,,,,,,,
EF08CO09,Ensino Fundamental,08,Computação,Cultura Digital,Analisar criticamente as políticas de termos de uso das redes sociais e demais plataformas.,Cidadania e Ética Digital,,,,,,,
EF08CO10,Ensino Fundamental,08,Computação,Cultura Digital,Discutir questões sobre segurança e privacidade relacionadas ao uso dos ambientes virtuais.,Segurança e Privacidade Pessoal,,,,,,,
EF08CO11,Ensino Fundamental,08,Computação,Cultura Digital,"Avaliar a precisão, relevância, adequação, abrangência e vieses que ocorrem em fontes de informação eletrônica.",Cidadania e Ética Digital,,,,,,,
EF09CO01,Ensino Fundamental,09,Computação,Pensamento Computacional,Criar soluções de problemas para os quais seja adequado o uso de árvores e grafos para descrever suas informações e automatizá-las usando uma linguagem de programação.,Estruturas de Dados,,,,,,,
EF09CO02,Ensino Fundamental,09,Computação,Pensamento Computacional,"Construir soluções computacionais de problemas de diferentes áreas do conhecimento, de forma individual e colaborativa, selecionando as estruturas de dados e técnicas adequadas, aperfeiçoando e articulando saberes escolares.",Algoritmos e Programação,,,,,,,
EF09CO03,Ensino Fundamental,09,Computação,Pensamento Computacional,Usar autômatos para descrever comportamentos de forma abstrata automatizando-os através de uma linguagem de programação baseada em eventos.,Algoritmos e Programação,,,,,,,
EF09CO04,Ensino Fundamental,09,Computação,Mundo Digital,Compreender o funcionamento de malwares e outros ataques cibernéticos.,Segurança Digital,,,,,,,
EF09CO05,Ensino Fundamental,09,Computação,Mundo Digital,Analisar técnicas de criptografia para armazenamento e transmissão de dados.,Segurança Digital,,,,,,,
EF09CO06,Ensino Fundamental,09,Computação,Cultura Digital,"Analisar problemas sociais de sua cidade e estado a partir de ambientes digitais, propondo soluções.",Impacto Social da Tecnologia,,,,,,,
EF09CO07,Ensino Fundamental,09,Computação,Cultura Digital,"Avaliar aplicações e implicações políticas, socioambientais e culturais das tecnologias digitais para propor alternativas aos desafios do mundo contemporâneo, incluindo aqueles relativos ao mundo do trabalho.",Impacto Social da Tecnologia,,,,,,,
EF09CO08,Ensino Fundamental,09,Computação,Cultura Digital,"Discutir como a distribuição desigual de recursos de computação em uma economia global levanta questões de equidade, acesso e poder.",Impacto Social da Tecnologia,,,,,,,
EF09CO09,Ensino Fundamental,09,Computação,Cultura Digital,"Criar ou utilizar conteúdo em meio digital, compreendendo questões éticas relacionadas a direitos autorais e de uso de imagem.",Cidadania e Ética Digital,,,,,,,
EF09CO10,Ensino Fundamental,09,Computação,Cultura Digital,"Avaliar a veracidade, credibilidade e relevância da informação em seus diferentes formatos, sendo capaz de identificar o propósito pelo qual foi disseminada.",Cidadania e Ética Digital,,,,,,,
EF69CO01,Ensino Fundamental,6-9 (Anos Finais),Computação,Pensamento Computacional,"Classificar informações, agrupando-as em coleções (conjuntos) e associando cada coleção a um ""tipo de dado"".",Estruturas de Dados,,,,,,,
EF69CO02,Ensino Fundamental,6-9 (Anos Finais),Computação,Pensamento Computacional,"Elaborar algoritmos que envolvam instruções sequenciais, de repetição e de seleção usando uma linguagem de programação.",Algoritmos e Programação,,,,,,,
EF69CO03,Ensino Fundamental,6-9 (Anos Finais),Computação,Pensamento Computacional,"Descrever com precisão a solução de um problema, construindo o programa que implementa a solução descrita.",Algoritmos e Programação,,,,,,,
EF69CO04,Ensino Fundamental,6-9 (Anos Finais),Computação,Pensamento Computacional,Construir soluções de problemas usando a técnica de decomposição e automatizar tais soluções usando uma linguagem de programação.,Decomposição e Abstração,,,,,,,
EF69CO05,Ensino Fundamental,6-9 (Anos Finais),Computação,Pensamento Computacional,"Identificar os recursos ou insumos necessários (entradas) para a resolução de problemas, bem como os resultados esperados (saídas), determinando os respectivos tipos de dados, e estabelecendo a definição de problema como uma relação entre entrada e saída.",Algoritmos e Programação,,,,,,,
EF69CO06,Ensino Fundamental,6-9 (Anos Finais),Computação,Pensamento Computacional,"Comparar diferentes casos particulares (instâncias) de um mesmo problema, identificando as semelhanças e diferenças entre eles, e criar um algoritmo para resolver todos, fazendo uso de variáveis (parâmetros) para permitir o tratamento de todos os casos de forma genérica.",Algoritmos e Programação,,,,,,,
EF69CO07,Ensino Fundamental,6-9 (Anos Finais),Computação,Mundo Digital,"Entender o processo de transmissão de dados, como a informação é quebrada em pedaços, transmitida em pacotes através de múltiplos equipamentos, e reconstruída no destino.",Redes e Internet,,,,,,,
EF69CO08,Ensino Fundamental,6-9 (Anos Finais),Computação,Mundo Digital,"Compreender e utilizar diferentes formas de armazenar, manipular, compactar e recuperar arquivos, documentos e metadados.",Dados e Representação,,,,,,,
EF69CO09,Ensino Fundamental,6-9 (Anos Finais),Computação,Mundo Digital,"Compreender os conceitos de paralelismo, concorrência e armazenamento/processamento distribuídos.",Redes e Internet,,,,,,,
EF69CO10,Ensino Fundamental,6-9 (Anos Finais),Computação,Mundo Digital,Entender como é a estrutura e funcionamento da internet.,Redes e Internet,,,,,,,
EF69CO11,Ensino Fundamental,6-9 (Anos Finais),Computação,Cultura Digital,"Apresentar conduta e linguagem apropriadas ao se comunicar em ambiente digital, considerando a ética e o respeito.",Cidadania e Ética Digital,,,,,,,
EF69CO12,Ensino Fundamental,6-9 (Anos Finais),Computação,Cultura Digital,"Analisar o consumo de tecnologia na sociedade, compreendendo criticamente o caminho da produção dos recursos bem como aspectos ligados à obsolescência e a sustentabilidade.",Impacto Social da Tecnologia,,,,,,,
EM13CO01,Ensino Médio,1-3,Computação,Pensamento Computacional,Explorar e construir a solução de problemas por meio da reutilização de partes de soluções existentes.,Algoritmos e Programação,,,,,,,
EM13CO02,Ensino Médio,1-3,Computação,Pensamento Computacional,"Explorar e construir a solução de problemas por meio de refinamentos, utilizando diversos níveis de abstração desde a especificação até a implementação.",Decomposição e Abstração,,,,,,,
EM13CO03,Ensino Médio,1-3,Computação,Pensamento Computacional,"Identificar o comportamento dos algoritmos no que diz respeito ao consumo de recursos como tempo de execução, espaço de memória e energia, entre outros.",Algoritmos e Programação,,,,,,,
EM13CO04,Ensino Médio,1-3,Computação,Pensamento Computacional,"Reconhecer o conceito de metaprogramação como uma forma de generalização na construção de programas, permitindo que algoritmos sejam entrada ou saída para outros algoritmos.",Decomposição e Abstração,,,,,,,
EM13CO05,Ensino Médio,1-3,Computação,Pensamento Computacional,"Identificar os limites da Computação para diferenciar o que pode ou não ser automatizado, buscando uma compreensão mais ampla dos limites dos processos mentais envolvidos na resolução de problemas.",Decomposição e Abstração,,,,,,,
EM13CO06,Ensino Médio,1-3,Computação,Mundo Digital,Avaliar software levando em consideração diferentes características e métricas associadas.,Software e Sistemas Operacionais,,,,,,,
EM13CO07,Ensino Médio,1-3,Computação,Mundo Digital,"Compreender as diferentes tecnologias, bem como equipamentos, protocolos e serviços envolvidos no funcionamento de redes de computadores, identificando suas possibilidades de escala e confiabilidade.",Redes e Internet,,,,,,,
EM13CO08,Ensino Médio,1-3,Computação,Mundo Digital,"Entender como mudanças na tecnologia afetam a segurança, incluindo novas maneiras de preservar sua privacidade e dados pessoais on-line, reportando suspeitas e buscando ajuda em situações de risco.",Segurança Digital,,,,,,,
EM13CO09,Ensino Médio,1-3,Computação,Mundo Digital,"Identificar tecnologias digitais, sua presença e formas de uso, nas diferentes atividades no mundo do trabalho.",Impacto Social da Tecnologia,,,,,,,
EM13CO10,Ensino Médio,1-3,Computação,Mundo Digital,"Conhecer os fundamentos da Inteligência Artificial, comparando-a com a inteligência humana, analisando suas potencialidades, riscos e limites.",Inteligência Artificial e Ciência de Dados,,,,,,,
EM13CO11,Ensino Médio,1-3,Computação,Mundo Digital,"Criar e explorar modelos computacionais simples para simular e fazer previsões, identificando sua importância no desenvolvimento científico.",Inteligência Artificial e Ciência de Dados,,,,,,,
EM13CO12,Ensino Médio,1-3,Computação,Mundo Digital,"Produzir, analisar, gerir e compartilhar informações a partir de dados, utilizando princípios de ciência de dados.",Inteligência Artificial e Ciência de Dados,,,,,,,
EM13CO13,Ensino Médio,1-3,Computação,Mundo Digital,Analisar e utilizar as diferentes formas de representação e consulta a dados em formato digital para pesquisas científicas.,Inteligência Artificial e Ciência de Dados,,,,,,,
EM13CO14,Ensino Médio,1-3,Computação,Cultura Digital,"Avaliar a confiabilidade das informações encontradas em meio digital, investigando seus modos de construção e considerando a autoria, a estrutura e o propósito da mensagem.",Cidadania e Ética Digital,,,,,,,
EM13CO15,Ensino Médio,1-3,Computação,Cultura Digital,"Analisar a interação entre usuários e artefatos computacionais, abordando aspectos da experiência do usuário e promovendo reflexão sobre a qualidade do uso dos artefatos nas esferas do trabalho, do lazer e do estudo.",Impacto Social da Tecnologia,,,,,,,
EM13CO16,Ensino Médio,1-3,Computação,Cultura Digital,"Desenvolver projetos com robótica, utilizando artefatos físicos ou simuladores.",Criação Digital,,,,,,,
EM13CO17,Ensino Médio,1-3,Computação,Cultura Digital,"Construir redes virtuais de interação e colaboração, favorecendo o desenvolvimento de projetos de forma segura, legal e ética.",Criação Digital,,,,,,,
EM13CO18,Ensino Médio,1-3,Computação,Cultura Digital,"Planejar e gerenciar projetos integrados às áreas de conhecimento de forma colaborativa, solucionando problemas, usando diversos artefatos computacionais.",Criação Digital,,,,,,,
EM13CO19,Ensino Médio,1-3,Computação,Cultura Digital,"Expor, argumentar e negociar propostas, produtos e serviços, utilizando diferentes mídias e ferramentas digitais.",Criação Digital,,,,,,,
EM13CO20,Ensino Médio,1-3,Computação,Cultura Digital,"Criar conteúdos, disponibilizando-os em ambientes virtuais para publicação e compartilhamento, avaliando a confiabilidade e as consequências da disseminação dessas informações.",Criação Digital,,,,,,,
EM13CO21,Ensino Médio,1-3,Computação,Cultura Digital,"Comunicar ideias complexas de forma clara por meio de objetos digitais como mapas conceituais, infográficos, hipertextos e outros.",Criação Digital,,,,,,,
EM13CO22,Ensino Médio,1-3,Computação,Cultura Digital,"Produzir e publicar conteúdo como textos, imagens, áudios, vídeos e suas associações, bem como ferramentas para sua integração, organização e apresentação, utilizando diferentes mídias digitais.",Criação Digital,,,,,,,
EM13CO23,Ensino Médio,1-3,Computação,Cultura Digital,"Analisar criticamente as experiências em comunidades virtuais e as relações advindas da interação e comunicação com outras pessoas, bem como seus impactos na sociedade.",Impacto Social da Tecnologia,,,,,,,
EM13CO24,Ensino Médio,1-3,Computação,Cultura Digital,Identificar e reconhecer como as redes sociais e artefatos computacionais em geral interferem na saúde física e mental de seus usuários.,Impacto Social da Tecnologia,,,,,,,
EM13CO25,Ensino Médio,1-3,Computação,Cultura Digital,"Dialogar em ambientes virtuais com segurança e respeito às diferenças culturais e pessoais, reconhecendo e denunciando atitudes abusivas.",Cidadania e Ética Digital,,,,,,,
EM13CO26,Ensino Médio,1-3,Computação,Cultura Digital,"Aplicar os conceitos e pressupostos do direito digital em sua conduta e experiências com o cotidiano da cultura digital, bem como na produção e uso de artefatos computacionais.",Cidadania e Ética Digital,,,,,,,
